WKT	name	description
"POLYGON ((103.7095416 1.3999782, 103.7095094 1.3995987, 103.7095363 1.3996256, 103.7096087 1.3996953, 103.7097119 1.3997502, 103.7098353 1.3997663, 103.7099507 1.3997489, 103.710125 1.3997154, 103.7103557 1.3995853, 103.7105193 1.3994553, 103.710412 1.39825, 103.7107593 1.3978183, 103.710938 1.3998476, 103.7095416 1.3999782))"	purple	CP1
"POLYGON ((103.7093129 1.37615, 103.7096213 1.3764543, 103.709742 1.3767211, 103.7097689 1.3767962, 103.7099593 1.3790057, 103.709557 1.3790406, 103.7093129 1.37615))"	blue	CP2
"POLYGON ((103.7128608 1.3828873, 103.7108867 1.3814286, 103.7107097 1.3814125, 103.7107097 1.3812623, 103.710479 1.3812784, 103.7104253 1.3806831, 103.7106077 1.3806778, 103.710935 1.3807529, 103.7111871 1.380903, 103.7130217 1.3822759, 103.7131129 1.3822357, 103.7132631 1.3823456, 103.7128608 1.3828873))"	yellow	D8 AMA
"POLYGON ((103.7069491 1.3750044, 103.7073514 1.3749749, 103.7095445 1.4000471, 103.709107 1.4000818, 103.7069491 1.3750044))"	red	RUNWAY
"POLYGON ((103.7083259 1.3860844, 103.70824 1.3852318, 103.7083419 1.3854302, 103.7084761 1.3855267, 103.7087604 1.3855321, 103.7094953 1.3854409, 103.709608 1.3853551, 103.7096777 1.3852478, 103.7097421 1.3859128, 103.7096777 1.3857841, 103.7095114 1.385693, 103.7091144 1.3857144, 103.7085726 1.3857734, 103.7083956 1.3858914, 103.7083259 1.3860844))"	red	EC
"POLYGON ((103.7075757 1.3775019, 103.7073772 1.3752388, 103.7077527 1.3752066, 103.7078493 1.3752334, 103.7081282 1.3752656, 103.7083964 1.3753943, 103.7084876 1.3753729, 103.7086915 1.3753407, 103.7088095 1.3752334, 103.7089919 1.3771962, 103.7085359 1.3768208, 103.7084555 1.3755927, 103.7083428 1.3755016, 103.7081068 1.3754426, 103.707978 1.3754587, 103.7078225 1.375523, 103.7079458 1.3770461, 103.7075757 1.3775019))"	red	E4 + ILS Crit
"POLYGON ((103.7063331 1.379991, 103.7062312 1.379149, 103.7063438 1.3793475, 103.7065101 1.3794601, 103.7070412 1.3794172, 103.7071646 1.3793367, 103.7073202 1.3791383, 103.7073738 1.3799427, 103.7071968 1.3796746, 103.7066121 1.3796907, 103.706435 1.3797765, 103.7063331 1.379991))"	red	W3
"POLYGON ((103.7077736 1.3798205, 103.7077066 1.3791233, 103.7078005 1.3792574, 103.7078809 1.3793164, 103.7079695 1.3793646, 103.70875 1.3792949, 103.7088224 1.3792788, 103.7089699 1.3791984, 103.7090611 1.3790992, 103.7091121 1.3790053, 103.7091443 1.3789597, 103.7092247 1.3798178, 103.7091899 1.3796971, 103.7091255 1.3796033, 103.7090397 1.3795255, 103.7089243 1.3794692, 103.7088358 1.3794478, 103.7080204 1.3795282, 103.7079346 1.3795657, 103.7078595 1.379622, 103.7078112 1.3796864, 103.7077736 1.3798205))"	red	E3
"POLYGON ((103.7068771 1.3862401, 103.7067966 1.3854115, 103.7068342 1.3854919, 103.7068637 1.3855348, 103.7069012 1.3855912, 103.7069978 1.3856609, 103.7070796 1.385685, 103.7071668 1.3857011, 103.7076093 1.3856421, 103.7076657 1.3856046, 103.7077488 1.3855348, 103.7077917 1.385449, 103.7078373 1.3853096, 103.7079151 1.3861167, 103.7078427 1.3859907, 103.7077756 1.3859397, 103.7076925 1.3859049, 103.7076254 1.3858781, 103.7071802 1.3859049, 103.7070863 1.3859371, 103.7069817 1.3860202, 103.7069307 1.3861033, 103.7068771 1.3862401))"	red	WC
"POLYGON ((103.7075881 1.3944597, 103.7075103 1.3936178, 103.707572 1.3937223, 103.7076337 1.3938055, 103.7077007 1.3938537, 103.7077638 1.3939007, 103.7078308 1.3939047, 103.7081299 1.393902, 103.7082627 1.3938953, 103.7083284 1.3938832, 103.7084196 1.3938269, 103.708492 1.3937492, 103.708551 1.3936258, 103.7086261 1.3943605, 103.708543 1.3942157, 103.7084759 1.3941728, 103.7083793 1.3941165, 103.7079153 1.3941299, 103.7077705 1.3941835, 103.7076954 1.3942479, 103.707639 1.3943364, 103.7075881 1.3944597))"	red	W2
"POLYGON ((103.7090455 1.3942734, 103.7089717 1.3936165, 103.7090536 1.3937157, 103.7091139 1.3937734, 103.7091877 1.3938122, 103.7092775 1.3938283, 103.7099561 1.3937707, 103.7100741 1.3937492, 103.7101908 1.3936916, 103.7102646 1.3936219, 103.7103263 1.3935307, 103.7103826 1.393406, 103.7104563 1.3942453, 103.7103853 1.3941219, 103.7103088 1.3940428, 103.7102445 1.3939932, 103.7101372 1.3939503, 103.7100433 1.3939342, 103.7093151 1.3939973, 103.7092172 1.3940294, 103.7091367 1.3940817, 103.709075 1.3941716, 103.7090455 1.3942734))"	red	E2
"POLYGON ((103.7050957 1.3727315, 103.7061257 1.3723132, 103.7061579 1.3724312, 103.7060559 1.373241, 103.7068552 1.375295, 103.7065012 1.3753164, 103.7066085 1.3752145, 103.7058575 1.3733482, 103.7050957 1.3727315))"	red	ST9 + W5
"POLYGON ((103.7073772 1.3752388, 103.7074823 1.3752036, 103.7083031 1.3739031, 103.708236 1.373265, 103.7093545 1.3731684, 103.709392 1.3735358, 103.7090916 1.3735358, 103.7090889 1.3735894, 103.7086876 1.3736259, 103.7087376 1.3742785, 103.7084372 1.3740426, 103.7077291 1.3752144, 103.7073772 1.3752388))"	red	E5 + D5
"POLYGON ((103.7070331 1.402002, 103.7070948 1.4019028, 103.7078378 1.4015274, 103.7087202 1.4001572, 103.7086934 1.4000714, 103.7090394 1.4000366, 103.7079826 1.4016293, 103.707937 1.402297, 103.7079638 1.4024659, 103.7078968 1.4025919, 103.7070331 1.402002))"	red	NT8 + W11
"POLYGON ((103.7055111 1.3756363, 103.705491 1.375403, 103.7057138 1.3753814, 103.7057498 1.3758307, 103.7057257 1.3757918, 103.7057083 1.3757529, 103.7056828 1.3757167, 103.7056385 1.3756725, 103.7055876 1.375643, 103.7055487 1.3756296, 103.7055111 1.3756363))"	red	W7
"POLYGON ((103.7080331 1.3827508, 103.7080237 1.3826542, 103.7082356 1.3826288, 103.7082437 1.3827079, 103.7089639 1.3826422, 103.7088807 1.3817962, 103.7088914 1.3817519, 103.708929 1.3816929, 103.7089907 1.3816447, 103.709043 1.381638, 103.7090819 1.3816393, 103.7091315 1.3816581, 103.7093112 1.3816433, 103.7093367 1.3816179, 103.7093689 1.3815589, 103.7093944 1.3818096, 103.7093555 1.3817291, 103.7093139 1.3816996, 103.7090309 1.3817265, 103.7089853 1.381768, 103.7089692 1.3818056, 103.7091141 1.3834064, 103.7091275 1.383452, 103.7091637 1.3834828, 103.7092026 1.3834949, 103.7092307 1.3834855, 103.7094292 1.3834654, 103.7094668 1.38346, 103.7094855 1.3834453, 103.7095244 1.3834077, 103.7095432 1.383574, 103.7095151 1.3835364, 103.7094949 1.3835203, 103.7092669 1.3835431, 103.7092482 1.3835686, 103.7092053 1.3835766, 103.7091355 1.3835619, 103.7090752 1.3835136, 103.7090336 1.3834453, 103.7089679 1.3826663, 103.7080331 1.3827508))"	red	TOL Site + EP Stump
"POLYGON ((103.7098849 1.3874912, 103.709846 1.3874523, 103.7098098 1.3874416, 103.7092184 1.3874898, 103.7091929 1.3875153, 103.7091875 1.3875609, 103.7092237 1.387644, 103.7092573 1.3876936, 103.7092935 1.3877325, 103.7092948 1.3877794, 103.709276 1.387817, 103.7092224 1.3878706, 103.7091701 1.3878853, 103.7091124 1.3878719, 103.7090641 1.387829, 103.7090306 1.3877741, 103.7090427 1.3877244, 103.7090641 1.3876762, 103.7091017 1.3876494, 103.7091191 1.3876051, 103.7091017 1.3874523, 103.7098406 1.3873973, 103.7098701 1.3873504, 103.7098849 1.3874912))"	red	PAR Site
"POLYGON ((103.7057111 1.3753707, 103.7059417 1.375364, 103.7080768 1.4001417, 103.7078783 1.4001578, 103.7057111 1.3753707))"	orange	Whiskey Taxiway
"POLYGON ((103.7086876 1.3736259, 103.7091462 1.3735751, 103.7102165 1.386714, 103.711233 1.3998423, 103.710938 1.3998476, 103.7086876 1.3736259))"	orange	Echo Taxiway
"POLYGON ((103.7061072 1.377359, 103.7059356 1.3753319, 103.7069655 1.375289, 103.7070567 1.3764742, 103.706767 1.375718, 103.7063701 1.3757341, 103.7064988 1.3769622, 103.7061072 1.377359))"	orange	CP3 + W4
"POLYGON ((103.7079043 1.3980795, 103.7083522 1.3984629, 103.7084729 1.3996856, 103.7087626 1.3996588, 103.7089209 1.3995891, 103.709004 1.3994979, 103.7090523 1.3993826, 103.7091033 1.400045, 103.7080768 1.4001417, 103.7079043 1.3980795))"	orange	CP4 + W1
"POLYGON ((103.7102344 1.3867797, 103.7100304 1.3845026, 103.7107681 1.3844361, 103.7109532 1.3862782, 103.7109103 1.3863801, 103.7108405 1.3864847, 103.7107091 1.3866215, 103.7105884 1.3866912, 103.7104355 1.3867207, 103.710347 1.3867314, 103.7102344 1.3867797))"	orange	D9A Area
"POLYGON ((103.7098265 1.3819408, 103.7096281 1.3795731, 103.7099043 1.3795544, 103.7100599 1.3795517, 103.7102155 1.3796321, 103.710304 1.3797233, 103.7103657 1.3798761, 103.7105427 1.3818845, 103.7098265 1.3819408))"	orange	Bay Area
"POLYGON ((103.7097976 1.3795604, 103.7096281 1.3795731, 103.7095964 1.3790375, 103.7099593 1.3790057, 103.7100068 1.3790482, 103.7100497 1.3791099, 103.7101221 1.3791501, 103.7102482 1.3791743, 103.7103501 1.3790482, 103.7103877 1.3789517, 103.7105486 1.378941, 103.7105754 1.3790429, 103.7112782 1.3797588, 103.7113881 1.3796596, 103.7132281 1.381003, 103.7128526 1.3814481, 103.711246 1.380279, 103.711187 1.380094, 103.711128 1.3800109, 103.7110314 1.3799143, 103.7109349 1.3799063, 103.7108705 1.379976, 103.7109188 1.3807483, 103.7107766 1.3807134, 103.7107444 1.3799733, 103.7107095 1.3798634, 103.7105996 1.3797427, 103.7104655 1.3796569, 103.7102697 1.3796703, 103.7101785 1.3796086, 103.7100599 1.3795517, 103.7097976 1.3795604))"	orange	E6 - E7 + D8 Taxi Back
"POLYGON ((103.705615 1.3753836, 103.7056928 1.3753165, 103.7057304 1.3752683, 103.7056633 1.3745094, 103.7047111 1.3727692, 103.7046924 1.3726807, 103.7047272 1.3725413, 103.7047943 1.372442, 103.7048935 1.3723804, 103.7059503 1.3719379, 103.7060013 1.372064, 103.7061247 1.3720184, 103.7061408 1.3720666, 103.704974 1.3725413, 103.7048989 1.3725949, 103.7048613 1.3726914, 103.7058323 1.374437, 103.7058538 1.3745845, 103.7059128 1.3752629, 103.706004 1.3753594, 103.705615 1.3753836))"	orange	W6
"POLYGON ((103.7058699 1.3797973, 103.70589 1.380036, 103.70589 1.3800212, 103.705882 1.3798911, 103.7058993 1.3801245, 103.7058284 1.3801563, 103.7054608 1.3805146, 103.7049459 1.3810227, 103.7048775 1.3810921, 103.7047662 1.3811669, 103.7047112 1.3812024, 103.7046837 1.3812145, 103.7046455 1.3812386, 103.7044738 1.3813116, 103.7042954 1.3813901, 103.7033231 1.3818017, 103.7022837 1.3822481, 103.7021497 1.3823045, 103.7020316 1.382346, 103.7018841 1.3823688, 103.7017554 1.3823822, 103.7015984 1.3823742, 103.7014242 1.3823591, 103.7012297 1.3823095, 103.7010781 1.3822509, 103.7009749 1.3822009, 103.7008837 1.3821436, 103.7007857 1.3820725, 103.7005484 1.381848, 103.7002976 1.3815952, 103.6996632 1.3809544, 103.6994567 1.3807546, 103.6993152 1.3806058, 103.699458 1.3804838, 103.6994419 1.3804167, 103.6994138 1.3803054, 103.6994017 1.3801714, 103.6993923 1.3799971, 103.6994165 1.3797812, 103.6994822 1.3795319, 103.6995318 1.3791538, 103.6996914 1.3790639, 103.6998322 1.3789808, 103.6999435 1.3788856, 103.7008206 1.3780356, 103.701577 1.3772848, 103.701636 1.3772298, 103.702214 1.376652, 103.7026096 1.3762525, 103.7031166 1.3758556, 103.7032091 1.375798, 103.7035176 1.3756746, 103.7039655 1.3755539, 103.7040915 1.3755379, 103.705434 1.3754132, 103.7054487 1.3755922, 103.7045086 1.3756719, 103.7042444 1.3756961, 103.7040124 1.3757269, 103.703771 1.3757832, 103.7035739 1.3758476, 103.7033862 1.3759331, 103.7031796 1.3760487, 103.7029798 1.3761868, 103.7028591 1.376286, 103.7026351 1.3765045, 103.7018224 1.3773009, 103.7012685 1.3778412, 103.7011076 1.3779967, 103.7000683 1.3790181, 103.7000079 1.3790318, 103.6999811 1.3791189, 103.7000736 1.3791015, 103.6999972 1.3791833, 103.6998711 1.3793294, 103.6997571 1.3795345, 103.6996029 1.3799274, 103.6995908 1.3801674, 103.6996284 1.3802237, 103.6997155 1.3806098, 103.6997477 1.3807063, 103.699796 1.3807841, 103.6998697 1.3809007, 103.7000602 1.3811085, 103.7001903 1.3812399, 103.7003753 1.3814209, 103.7006583 1.3817132, 103.7007361 1.3817869, 103.7008407 1.3818902, 103.7009051 1.3819505, 103.7009842 1.3820001, 103.7010727 1.3820484, 103.7011384 1.3820806, 103.7012162 1.3821194, 103.7012725 1.3821422, 103.7013557 1.3821637, 103.7014603 1.3821824, 103.7015783 1.3821945, 103.7016963 1.3821985, 103.7018425 1.3821985, 103.70199 1.3821824, 103.7027129 1.3818781, 103.7034974 1.3815309, 103.703712 1.3814451, 103.7042538 1.3812077, 103.704341 1.3811863, 103.7044791 1.3811273, 103.7045663 1.3810804, 103.7046562 1.3810294, 103.7047728 1.3809463, 103.7048506 1.3808712, 103.7052141 1.3805012, 103.70543 1.3802223, 103.7055064 1.3802036, 103.705548 1.3801714, 103.7055708 1.380099, 103.7058699 1.3797973))"	orange	ST Taxiway
"POLYGON ((103.7070118 1.3942228, 103.7069447 1.3942281, 103.7069269 1.3942125, 103.7068773 1.3941951, 103.7061799 1.3942567, 103.7059291 1.394297, 103.7057239 1.394364, 103.7055523 1.3944525, 103.7053927 1.3945463, 103.7052371 1.3946576, 103.7050976 1.3947836, 103.7049622 1.3949365, 103.7048965 1.3950223, 103.7044365 1.3959112, 103.7038263 1.3971258, 103.7032402 1.3982842, 103.7029733 1.3988285, 103.7026139 1.3995083, 103.702237 1.4002711, 103.7019192 1.4008812, 103.7018615 1.4010715, 103.7018454 1.4012163, 103.7018629 1.4013263, 103.701883 1.4014456, 103.7019326 1.4015555, 103.7020037 1.4016775, 103.7020815 1.401766, 103.7022035 1.4018585, 103.7022692 1.4018961, 103.7023497 1.4019363, 103.702803 1.4021307, 103.7034548 1.4024203, 103.703613 1.4024498, 103.7037713 1.4024578, 103.7039268 1.4024498, 103.7040623 1.4024243, 103.7041991 1.4023801, 103.7043091 1.4023238, 103.7044177 1.4022594, 103.7048173 1.4019805, 103.7057829 1.4013075, 103.706711 1.4006532, 103.7070932 1.4003931, 103.7071388 1.4003462, 103.7075183 1.4000539, 103.7076363 1.4002269, 103.7071428 1.4005661, 103.7063489 1.4011265, 103.7056341 1.4016226, 103.7054074 1.4017767, 103.7048616 1.4021656, 103.7044941 1.4024256, 103.7043546 1.4025021, 103.7042272 1.4025544, 103.7040851 1.4025959, 103.703955 1.4026187, 103.7038102 1.4026294, 103.7036205 1.4026284, 103.7034762 1.4025999, 103.703373 1.4025758, 103.7032456 1.4025289, 103.7022089 1.4020717, 103.7021016 1.4020073, 103.7019602 1.4018964, 103.7018682 1.4017902, 103.7017945 1.4016749, 103.7017314 1.4015435, 103.7017006 1.4014134, 103.7016818 1.4013075, 103.7016805 1.4011734, 103.7017019 1.4009978, 103.7017336 1.4008935, 103.701777 1.4007994, 103.7021445 1.400066, 103.7024436 1.3994748, 103.7029197 1.3985376, 103.70333 1.3977305, 103.7037954 1.3968094, 103.7041884 1.3960345, 103.7045209 1.3953682, 103.7047731 1.3949083, 103.7048436 1.3948081, 103.7049581 1.3946817, 103.7050748 1.3945664, 103.705221 1.3944444, 103.7053565 1.3943452, 103.7055295 1.3942554, 103.7057145 1.3941763, 103.7059224 1.3941186, 103.7061048 1.3940891, 103.7064749 1.3940529, 103.7068424 1.3940234, 103.7069913 1.39401, 103.7070118 1.3942228))"	orange	NT Taxiway
"POLYGON ((103.7070089 1.3942008, 103.7069888 1.3939514, 103.7070344 1.3939461, 103.7071028 1.3939179, 103.7071565 1.393879, 103.7072141 1.3938241, 103.7072557 1.3937503, 103.7072825 1.3936565, 103.7073026 1.3935975, 103.7073401 1.3940366, 103.7073804 1.3944703, 103.7073455 1.3944167, 103.7073053 1.394347, 103.7072316 1.3942652, 103.7071605 1.3942182, 103.7070894 1.3941968, 103.7070089 1.3942008))"	orange	W9
"POLYGON ((103.7112038 1.3994827, 103.7112921 1.3995521, 103.7113538 1.3995936, 103.7114477 1.3996285, 103.7116059 1.3996164, 103.7117373 1.3996084, 103.7118889 1.3995936, 103.7121115 1.3995762, 103.7122926 1.3995642, 103.7124776 1.3995293, 103.712597 1.3994837, 103.7127016 1.3994247, 103.7127995 1.3993362, 103.7128759 1.3992276, 103.7129349 1.3991405, 103.7129685 1.3990493, 103.7130007 1.3989662, 103.7130047 1.3988643, 103.712998 1.3987705, 103.7128679 1.3981014, 103.7127485 1.3973654, 103.7126533 1.396817, 103.7125487 1.3962539, 103.7124307 1.3956305, 103.7122912 1.394877, 103.7122443 1.3945834, 103.7122027 1.3943408, 103.7121866 1.3941933, 103.7121853 1.3941182, 103.7121839 1.3939868, 103.712192 1.3938715, 103.7122201 1.3937415, 103.7122537 1.3936074, 103.7122966 1.3934921, 103.7123945 1.3932843, 103.7127539 1.3924477, 103.7130087 1.3918832, 103.7132608 1.3913456, 103.713297 1.3912518, 103.7133493 1.3911391, 103.7133909 1.3910426, 103.7134218 1.390934, 103.7134486 1.3908375, 103.713466 1.390749, 103.71347 1.3906552, 103.71347 1.3905412, 103.7134607 1.3904205, 103.7134312 1.3903119, 103.7133976 1.3901899, 103.7132595 1.3899419, 103.7131455 1.389785, 103.7130288 1.3896483, 103.7125648 1.3892863, 103.7124924 1.3892286, 103.7121303 1.3890812, 103.7120565 1.3890664, 103.7105853 1.3891965, 103.710521 1.3892139, 103.71047 1.3892447, 103.7104204 1.389289, 103.7103815 1.3888586, 103.7104163 1.3888573, 103.7104311 1.3889337, 103.7104633 1.3889994, 103.710529 1.3890155, 103.7118929 1.3888921, 103.712082 1.3888465, 103.7121973 1.3887969, 103.7123314 1.3887272, 103.7124092 1.3886749, 103.7124964 1.3886065, 103.7126373 1.3887144, 103.7125622 1.3888149, 103.712538 1.3888873, 103.7125394 1.3889731, 103.7125771 1.3890399, 103.7126549 1.389115, 103.7132622 1.3896636, 103.7134246 1.3898953, 103.7135492 1.3901543, 103.7136097 1.3904101, 103.7136257 1.3906477, 103.7136042 1.3908676, 103.7135574 1.3910389, 103.7135105 1.3911743, 103.7134126 1.3913888, 103.7130532 1.3921866, 103.7127541 1.3928516, 103.7124792 1.3934643, 103.7124108 1.3936225, 103.7123719 1.3937512, 103.7123397 1.3938919, 103.712333 1.393971, 103.712329 1.3941105, 103.712341 1.3942486, 103.7124497 1.3948492, 103.7127273 1.3963749, 103.7129378 1.3975668, 103.7131537 1.3987668, 103.7131496 1.3989534, 103.7131174 1.3990834, 103.7130867 1.3991676, 103.7130424 1.3992575, 103.7129982 1.3993339, 103.7129606 1.3993754, 103.7128882 1.3994586, 103.7127915 1.3995728, 103.7126522 1.3996463, 103.7125127 1.3996999, 103.7123115 1.3997347, 103.7118958 1.399775, 103.7116383 1.3997964, 103.711233 1.3998423, 103.7112038 1.3994827))"	orange	NY Taxiway + E9 and E10
"POLYGON ((103.7126554 1.3887275, 103.7124964 1.3886065, 103.7126375 1.3884592, 103.7128843 1.3881468, 103.7131619 1.3877405, 103.7132812 1.3876373, 103.7136058 1.3873839, 103.7139813 1.3872163, 103.7142294 1.3871479, 103.7143353 1.3871372, 103.7147564 1.387089, 103.715305 1.3870367, 103.715383 1.387025, 103.7155517 1.3869683, 103.7157474 1.3868713, 103.715895 1.3867672, 103.7160224 1.3866371, 103.7161686 1.3864588, 103.7162343 1.3863207, 103.7162947 1.3861813, 103.7163376 1.386015, 103.7163591 1.3858247, 103.716351 1.385649, 103.7163309 1.3855404, 103.7162987 1.3854064, 103.7162276 1.3852334, 103.7161659 1.3851074, 103.7160426 1.3849532, 103.7159581 1.384858, 103.7158602 1.3847722, 103.7147529 1.3840015, 103.7136796 1.383276, 103.7137385 1.3831915, 103.7137962 1.3831231, 103.7141583 1.3833819, 103.7149469 1.3839302, 103.7158682 1.3845617, 103.7160399 1.3846904, 103.7162263 1.3848888, 103.7163497 1.3850739, 103.7164945 1.385456, 103.716528 1.3856651, 103.7165227 1.3858944, 103.7164891 1.3861236, 103.7164409 1.3862684, 103.7163403 1.386491, 103.7162585 1.3866143, 103.7161257 1.3867645, 103.7159822 1.3869026, 103.7158669 1.3870072, 103.7157019 1.3871037, 103.7154417 1.3871895, 103.7149777 1.38727, 103.7145673 1.3872793, 103.7143715 1.3873276, 103.7141892 1.3873879, 103.7141186 1.3873654, 103.7139706 1.3874107, 103.7137828 1.3874992, 103.7136058 1.3876145, 103.7134663 1.3877245, 103.7133429 1.3878505, 103.7126554 1.3887275))"	orange	CY Taxiway
"POLYGON ((103.7042024 1.3963716, 103.7043727 1.3960378, 103.70437 1.3961222, 103.7043861 1.3961692, 103.7044183 1.3961987, 103.7044665 1.3962228, 103.7043955 1.3963689, 103.7043043 1.3963341, 103.7042587 1.3963435, 103.7042024 1.3963716))"	orange	NT2 Taxi-Out
"POLYGON ((103.7039972 1.3967779, 103.7041568 1.3964574, 103.7041648 1.3965084, 103.7041782 1.3965513, 103.7042117 1.3965901, 103.7042949 1.3966357, 103.7042198 1.396798, 103.7041487 1.3967604, 103.704091 1.396743, 103.7040468 1.3967537, 103.7039972 1.3967779))"	orange	NT2 Taxi-in
"POLYGON ((103.7033119 1.398139, 103.7038263 1.3971258, 103.7038175 1.3972072, 103.7038189 1.3972971, 103.703847 1.3973494, 103.703902 1.3974392, 103.7039973 1.3974754, 103.7046705 1.3978267, 103.7044519 1.3982409, 103.7044814 1.3982584, 103.7043875 1.3984367, 103.7041957 1.3983428, 103.7042172 1.3983174, 103.7036043 1.3979889, 103.7035601 1.3979862, 103.7034876 1.3980023, 103.7034152 1.3980304, 103.7033696 1.3980814, 103.7033119 1.398139))"	orange	NT3
"POLYGON ((103.7026246 1.3994757, 103.7030712 1.3986177, 103.7030739 1.3986579, 103.7030873 1.3987289, 103.7031141 1.3987786, 103.703149 1.3988322, 103.7043493 1.3994543, 103.7040153 1.4000656, 103.7038316 1.3999718, 103.7038544 1.3999262, 103.702866 1.3994368, 103.7027882 1.3994368, 103.7027104 1.399457, 103.7026246 1.3994757))"	orange	NT4
"POLYGON ((103.7024378 1.3998737, 103.7024203 1.3999716, 103.7024109 1.4000239, 103.7024257 1.4001151, 103.702537 1.4002357, 103.7035133 1.4007291, 103.7034342 1.400886, 103.7033309 1.4008337, 103.7031324 1.4012037, 103.7021923 1.4007305, 103.7020985 1.4007425, 103.702022 1.4007747, 103.7019764 1.4008203, 103.701912 1.400898, 103.7024378 1.3998737))"	orange	NT5
"POLYGON ((103.7051261 1.4017742, 103.7051704 1.40173, 103.705208 1.401683, 103.7052428 1.4016281, 103.7052603 1.4015396, 103.7052576 1.4014565, 103.705216 1.4013854, 103.7045817 1.4004858, 103.7047238 1.4003812, 103.7047922 1.4004871, 103.7051329 1.4002471, 103.705668 1.401014, 103.7057243 1.4010931, 103.7057726 1.4011347, 103.7058316 1.4011615, 103.7059174 1.4011695, 103.7059966 1.4011588, 103.7051261 1.4017742))"	orange	NT6
"POLYGON ((103.705712 1.4016362, 103.7062203 1.4012822, 103.7061787 1.4013748, 103.7061667 1.4014512, 103.7061653 1.4015356, 103.7061989 1.4016067, 103.7063169 1.4017662, 103.7063933 1.4018655, 103.7064993 1.401958, 103.7065476 1.4019982, 103.7076982 1.4028026, 103.7076043 1.4029407, 103.7066227 1.4022529, 103.7063786 1.4020961, 103.7062686 1.4019901, 103.7061144 1.4018024, 103.7060178 1.4016778, 103.7059226 1.4016201, 103.7058515 1.4015973, 103.7057711 1.401608, 103.705712 1.4016362))"	orange	NT8 Taxi Back
"POLYGON ((103.7066882 1.4006666, 103.7067405 1.4006022, 103.706762 1.4005553, 103.70677 1.4004882, 103.706762 1.4004225, 103.7067459 1.4003515, 103.706023 1.3993044, 103.7061826 1.3992012, 103.706251 1.3993044, 103.7065944 1.3990631, 103.707218 1.4000029, 103.7072528 1.4000404, 103.7073011 1.400078, 103.7073561 1.4000927, 103.7074218 1.4000927, 103.707446 1.4000713, 103.7074486 1.4001075, 103.7070792 1.4004004, 103.7068904 1.4005362, 103.7066882 1.4006666))"	orange	NT7
"POLYGON ((103.7031693 1.3758123, 103.7032037 1.3757953, 103.703235 1.3757506, 103.7032377 1.3757104, 103.7027858 1.3744743, 103.7033497 1.3742603, 103.703701 1.3752953, 103.7037681 1.3753784, 103.7038123 1.375491, 103.7038499 1.3755326, 103.7039451 1.3755581, 103.7035176 1.3756746, 103.7031693 1.3758123))"	orange	ST1
"POLYGON ((103.701577 1.3772848, 103.700987 1.3778717, 103.7010111 1.3778235, 103.7010151 1.3777739, 103.7010004 1.3777202, 103.7000656 1.3767335, 103.7001729 1.3766142, 103.7002695 1.3767093, 103.7005833 1.3764425, 103.7014497 1.3772926, 103.7015127 1.3773046, 103.701577 1.3772848))"	orange	ST3
"POLYGON ((103.699705 1.3805833, 103.6996177 1.3802186, 103.6995908 1.3801674, 103.6995923 1.3800724, 103.6996029 1.3799274, 103.6997089 1.3796515, 103.6997089 1.379693, 103.6997183 1.3797507, 103.6997693 1.3797869, 103.6998135 1.379811, 103.7009226 1.3797587, 103.7009334 1.3801837, 103.7010702 1.380181, 103.7010782 1.3803513, 103.6998578 1.3803929, 103.6998095 1.3804116, 103.6997586 1.3804572, 103.6997264 1.3805055, 103.699705 1.3805833))"	orange	ST5
"POLYGON ((103.7020338 1.3821649, 103.7020767 1.3821206, 103.7020968 1.3820764, 103.7021129 1.3820161, 103.7021022 1.3819705, 103.7018246 1.3812572, 103.7023556 1.3810306, 103.7026627 1.381764, 103.702699 1.3817989, 103.7027781 1.3818217, 103.7028505 1.3818176, 103.7020338 1.3821649))"	orange	ST6
"POLYGON ((103.703459 1.381557, 103.70351 1.3815155, 103.7035395 1.381482, 103.7035663 1.381427, 103.703577 1.3813774, 103.7035783 1.3813533, 103.7032216 1.3805033, 103.7037661 1.3802807, 103.7041094 1.3811253, 103.7041376 1.3811562, 103.7041684 1.3811857, 103.7042046 1.3811977, 103.7042677 1.3812071, 103.703459 1.381557))"	orange	ST7
"POLYGON ((103.7052429 1.380466, 103.7052496 1.380415, 103.705247 1.380356, 103.7052322 1.3803078, 103.7051866 1.3802568, 103.7043109 1.3793424, 103.7047213 1.3789241, 103.7055487 1.3797822, 103.7056144 1.3798036, 103.7056909 1.3798171, 103.7057405 1.3798171, 103.7057928 1.3797996, 103.7058022 1.3798653, 103.7055708 1.380099, 103.705548 1.3801714, 103.7055064 1.3802036, 103.70543 1.3802223, 103.7052429 1.380466))"	orange	ST8
"POLYGON ((103.7058712 1.3797553, 103.7059007 1.3797808, 103.7059691 1.3795917, 103.7059973 1.3795019, 103.7060362 1.3793129, 103.706059 1.3792794, 103.7061676 1.3805625, 103.706122 1.3804726, 103.7060952 1.3804216, 103.7060362 1.3803787, 103.7059865 1.3803559, 103.7059127 1.380345, 103.7058712 1.3797553))"	orange	W8
"POLYGON ((103.7121303 1.3890812, 103.7124924 1.3892286, 103.7127608 1.3894381, 103.7129378 1.3895802, 103.7128346 1.3895493, 103.7127608 1.3895453, 103.7126978 1.3895574, 103.712561 1.389678, 103.711708 1.3906273, 103.7114143 1.3903618, 103.7113299 1.3904503, 103.7111904 1.3903283, 103.7121238 1.3892919, 103.7121694 1.3892222, 103.712164 1.3891431, 103.7121303 1.3890812))"	orange	NY1
"POLYGON ((103.7131907 1.3920465, 103.713479 1.3913962, 103.7134871 1.3914566, 103.7135085 1.3914793, 103.7147195 1.3920116, 103.7146404 1.3921886, 103.7145237 1.3921376, 103.7144325 1.3923428, 103.7143561 1.392509, 103.7132832 1.3920384, 103.7132376 1.3920371, 103.7131907 1.3920465))"	orange	NY2
"POLYGON ((103.7125741 1.3928655, 103.7125513 1.3927958, 103.712503 1.3927167, 103.711465 1.3922059, 103.7116594 1.3917339, 103.7127296 1.3922112, 103.7127994 1.3922045, 103.7128852 1.3921656, 103.7125741 1.3928655))"	orange	NY3
"POLYGON ((103.7124395 1.3943636, 103.7124971 1.3944024, 103.7135982 1.3942, 103.7137162 1.3947631, 103.7125883 1.3949615, 103.7125709 1.3949803, 103.7125481 1.3950232, 103.7124395 1.3943636))"	orange	NY5
"POLYGON ((103.7125494 1.3962821, 103.7126352 1.3967098, 103.7127076 1.3971401, 103.7126473 1.3970329, 103.7126017 1.396998, 103.7125467 1.3969846, 103.7116924 1.3971683, 103.7115838 1.3965971, 103.7125051 1.3964, 103.7125346 1.3963545, 103.7125494 1.3962821))"	orange	NY6
"POLYGON ((103.712803 1.3977353, 103.7128016 1.3977192, 103.7129599 1.3985746, 103.7129076 1.3985049, 103.7128566 1.3984794, 103.712803 1.3984646, 103.7115651 1.3986939, 103.7114605 1.3981268, 103.7127507 1.3978989, 103.7127869 1.3978184, 103.712803 1.3977353))"	orange	NY7
"POLYGON ((103.7137716 1.3833421, 103.7147104 1.3839695, 103.7145481 1.3839213, 103.7144515 1.3839454, 103.7143925 1.3839642, 103.7135624 1.3852258, 103.7129401 1.3847954, 103.713836 1.3835646, 103.7138373 1.3834842, 103.7138132 1.3834051, 103.7137716 1.3833421))"	orange	CY4
"POLYGON ((103.715537 1.38461, 103.7158173 1.3847936, 103.7159448 1.3849217, 103.7161459 1.3851999, 103.7160775 1.385165, 103.7160211 1.3851784, 103.7159742 1.3852187, 103.7159232 1.3852683, 103.7158656 1.3853219, 103.7154083 1.3848553, 103.7155585 1.3847159, 103.7155598 1.3846636, 103.715537 1.38461))"	orange	CY5
"POLYGON ((103.7163612 1.3851089, 103.7164377 1.3851519, 103.7165154 1.385176, 103.7165879 1.385172, 103.7182119 1.3848086, 103.7183232 1.3853584, 103.7166576 1.3857324, 103.7165999 1.3857833, 103.7165557 1.3858316, 103.7165195 1.385904, 103.7165329 1.3856761, 103.7164953 1.3854656, 103.7163612 1.3851089))"	orange	CY6
"POLYGON ((103.7149368 1.387271, 103.7154417 1.3871895, 103.7157019 1.3871037, 103.7158809 1.3869975, 103.7158393 1.3870779, 103.7158098 1.3871798, 103.7158098 1.3872844, 103.7165515 1.3884441, 103.715905 1.3888128, 103.7150964 1.3873354, 103.715036 1.3872924, 103.7149368 1.387271))"	orange	CY7
"POLYGON ((103.7136058 1.3873839, 103.713359 1.3875862, 103.7132772 1.3876505, 103.7132128 1.3876948, 103.7129889 1.3879978, 103.713009 1.38792, 103.7129969 1.3878919, 103.7129298 1.3878275, 103.7128413 1.3877792, 103.7126589 1.3876197, 103.711865 1.3870861, 103.7122982 1.3864855, 103.7135012 1.3873918, 103.7136058 1.3873839))"	orange	CY8
"POLYGON ((103.7128676 1.3828756, 103.7132176 1.3824198, 103.7134161 1.3825632, 103.7134443 1.3826825, 103.7134765 1.3827348, 103.7137903 1.3829587, 103.713797 1.383003, 103.7135931 1.3832577, 103.7134362 1.3831451, 103.7133638 1.3832363, 103.7128676 1.3828756))"	orange	D8 AMA
"POLYGON ((103.7100304 1.3845026, 103.7098265 1.3819408, 103.7105427 1.3818845, 103.7107681 1.3844361, 103.7100304 1.3845026))"	orange	D9
"POLYGON ((103.7075183 1.4000539, 103.7075605 1.4000619, 103.7076329 1.4000056, 103.7077201 1.3999023, 103.7078153 1.399728, 103.7078287 1.3995779, 103.7078783 1.4001578, 103.7078542 1.4001531, 103.7078367 1.4001289, 103.7077549 1.4001531, 103.7076363 1.4002269, 103.7075183 1.4000539))"	orange	W10
"POLYGON ((103.696918 1.3788636, 103.6968536 1.3786853, 103.6972466 1.378692, 103.6974196 1.3787268, 103.6975899 1.3787818, 103.6977642 1.3788595, 103.6978917 1.378948, 103.6979788 1.379011, 103.6986776 1.3796965, 103.6995212 1.3792313, 103.6994876 1.3795044, 103.69945 1.3794763, 103.6989391 1.3797645, 103.6989404 1.3799884, 103.699458 1.3804838, 103.6993152 1.3806058, 103.698589 1.3798839, 103.6978554 1.3791438, 103.69772 1.3790459, 103.6976073 1.3789842, 103.6974826 1.3789333, 103.6972761 1.3788783, 103.6971715 1.3788515, 103.6970092 1.3788555, 103.696918 1.3788636))"	orange	ST to LS Gate
"POLYGON ((103.7103615 1.3880974, 103.7103427 1.3879311, 103.7104715 1.387915, 103.7105546 1.3878185, 103.7106297 1.3877112, 103.7107236 1.3876415, 103.7108684 1.3876013, 103.7110267 1.3876147, 103.7111823 1.3877434, 103.7112359 1.3878802, 103.7112466 1.3879767, 103.7112252 1.3881, 103.7110937 1.388285, 103.7109167 1.388336, 103.7107585 1.3883145, 103.7106646 1.3882529, 103.7105385 1.3881081, 103.7103615 1.3880974))"	orange	Compass Swing
"POLYGON ((103.7105601 1.3912284, 103.71054 1.3908194, 103.7110604 1.3907658, 103.7110912 1.3911935, 103.7105601 1.3912284))"	orange	Southern Blast Pan
"POLYGON ((103.7107201 1.3931988, 103.7106798 1.392676, 103.7112833 1.3926143, 103.7113061 1.3928342, 103.7111908 1.3928395, 103.7112149 1.3931559, 103.7110352 1.3931693, 103.7110433 1.39329, 103.7108327 1.3933034, 103.7108207 1.3931908, 103.7107201 1.3931988))"	orange	Test Cell
"POLYGON ((103.7108589 1.3949583, 103.7108213 1.3945051, 103.7111915 1.3944756, 103.711225 1.3949274, 103.7108589 1.3949583))"	orange	Falcon Site
"POLYGON ((103.7106244 1.3919774, 103.7105936 1.3916262, 103.7106781 1.3916208, 103.7106754 1.3915511, 103.7110925 1.3915109, 103.7110911 1.3914961, 103.7111193 1.3914948, 103.7111233 1.3915457, 103.7112199 1.3915364, 103.711244 1.3919305, 103.7106244 1.3919774))"	orange	Northern Blast Pan
